video_id,trending_date,title,channel_title,category_id,publish_time,tags,views,likes,dislikes,comment_count,thumbnail_link,comments_disabled,ratings_disabled,video_error_or_removed,description
Jw1Y-zhQURU,17.14.11,John Lewis Christmas Ad 2017 - #MozTheMonster,John Lewis,26,2017-11-10T07:38:29.000Z,"christmas|""john lewis christmas""|""john lewis""|""christmas ad""|""mozthemonster""|""christmas 2017""|""christmas ad 2017""|""john lewis christmas advert""|""moz""",7224515,55681,10247,9479,https://i.ytimg.com/vi/Jw1Y-zhQURU/default.jpg,FALSE,FALSE,FALSE,"Click here to continue the story and make your own monster:\nhttp://bit.ly/2mboXgj\n\nJoe befriends a noisy Monster under his bed but the two have so much fun together that he can't get to sleep, leaving him tired by day. For Christmas Joe receives a gift to help him finally get a good night‚Äôs sleep.\n\nShop the ad\nhttp://bit.ly/2hg04Lc\n\nThe music is Golden Slumbers performed by elbow, the original song was by The Beatles. \nFind the track:\nhttps://Elbow.lnk.to/GoldenSlumbersXS\n\nSubscribe to this channel for regular video updates\nhttp://bit.ly/2eU8MvW\n\nIf you want to hear more from John Lewis:\n\nLike John Lewis on Facebook\nhttp://www.facebook.com/johnlewisretail\n\nFollow John Lewis on Twitter\nhttp://twitter.com/johnlewisretail\n\nFollow John Lewis on Instagram\nhttp://instagram.com/johnlewisretail"
3s1rvMFUweQ,17.14.11,Taylor Swift: ‚Ä¶Ready for It? (Live) - SNL,Saturday Night Live,24,2017-11-12T06:24:44.000Z,"SNL|""Saturday Night Live""|""SNL Season 43""|""Episode 1730""|""Tiffany Haddish""|""Taylor Swift""|""Taylor Swift Ready for It""|""s43""|""s43e5""|""episode 5""|""live""|""new york""|""comedy""|""sketch""|""funny""|""hilarious""|""late night""|""host""|""music""|""guest""|""laugh""|""impersonation""|""actor""|""improv""|""musician""|""comedian""|""actress""|""If Loving You Is Wrong""|""Oprah Winfrey""|""OWN""|""Girls Trip""|""The Carmichael Show""|""Keanu""|""Reputation""|""Look What You Made Me Do""|""ready for it?""",1053632,25561,2294,2757,https://i.ytimg.com/vi/3s1rvMFUweQ/default.jpg,FALSE,FALSE,FALSE,Musical guest Taylor Swift performs ‚Ä¶Ready for It? on Saturday Night Live.\n\n#SNL #SNL43\n\nGet more SNL: http://www.nbc.com/saturday-night-live\nFull Episodes: http://www.nbc.com/saturday-night-liv...\n\nLike SNL: https://www.facebook.com/snl\nFollow SNL: https://twitter.com/nbcsnl\nSNL Tumblr: http://nbcsnl.tumblr.com/\nSNL Instagram: http://instagram.com/nbcsnl \nSNL Pinterest: http://www.pinterest.com/nbcsnl/
n1WpP7iowLc,17.14.11,Eminem - Walk On Water (Audio) ft. Beyonc√©,EminemVEVO,10,2017-11-10T17:00:03.000Z,"Eminem|""Walk""|""On""|""Water""|""Aftermath/Shady/Interscope""|""Rap""",17158579,787420,43420,125882,https://i.ytimg.com/vi/n1WpP7iowLc/default.jpg,FALSE,FALSE,FALSE,Eminem's new track Walk on Water ft. Beyonc√© is available everywhere: http://shady.sr/WOWEminem \nPlaylist Best of Eminem: https://goo.gl/AquNpo\nSubscribe for more: https://goo.gl/DxCrDV\n\nFor more visit: \nhttp://eminem.com\nhttp://facebook.com/eminem\nhttp://twitter.com/eminem\nhttp://instagram.com/eminem\nhttp://eminem.tumblr.com\nhttp://shadyrecords.com\nhttp://facebook.com/shadyrecords\nhttp://twitter.com/shadyrecords\nhttp://instagram.com/shadyrecords\nhttp://trustshady.tumblr.com\n\nMusic video by Eminem performing Walk On Water. (C) 2017 Aftermath Records\nhttp://vevo.ly/gA7xKt
PUTEiSjKwJU,17.14.11,Goals from Salford City vs Class of 92 and Friends at The Peninsula Stadium!,Salford City Football Club,17,2017-11-13T02:30:38.000Z,"Salford City FC|""Salford City""|""Salford""|""Class of 92""|""University of Salford""|""Salford Uni""|""Non League""|""National League""|""National League North""",27833,193,12,37,https://i.ytimg.com/vi/PUTEiSjKwJU/default.jpg,FALSE,FALSE,FALSE,Salford drew 4-4 against the Class of 92 and Friends at the newly opened The Peninsula Stadium!\n\nLike us on Facebook: https://www.facebook.com/SalfordCityFC/ \nFollow us on Twitter: https://twitter.com/SalfordCityFC\nFollow us on Instagram: https://www.instagram.com/salfordcityfc/ \nSubscribe to us on YouTube: https://www.youtube.com/user/SalfordCityTV\n\nWebsite: https://salfordcityfc.co.uk
rHwDegptbI4,17.14.11,Dashcam captures truck's near miss with child in Norway,Cute Girl Videos,25,2017-11-13T01:45:13.000Z,[none],9815,30,2,30,https://i.ytimg.com/vi/rHwDegptbI4/default.jpg,FALSE,FALSE,FALSE,Dashcam captures truck's near miss with child in Norway\nThe close call happened as children were getting off a school bus in Norway.\n\nEurope\nNorway
AumaWl0TNBo,17.14.11,How My Relationship Started!,PointlessBlogVlogs,24,2017-11-11T17:00:00.000Z,"pointlessblog|""pointlessblogtv""|""pointlessblogvlogs""|""games""|""gaming""|""daily""|""vlog""|""zoe""|""sugg""|""funny""|""zoella""|""zozeebo""|""new""|""house""|""nala""|""cute""|""puppy""|""british""|""teen""|""couple""|""zalfie""|""how""|""my""|""relationship""|""started""|""first""|""time""|""kiss""|""niomi""|""smart""|""trip""|""adventure""|""travel""|""holiday""|""merch""|""pb""|""office""|""tour""",1182775,52708,1431,2333,https://i.ytimg.com/vi/AumaWl0TNBo/default.jpg,FALSE,FALSE,FALSE,‚ñ∫ HOW MY RELATIONSHIP STARTED!\n‚ñ∫ PB Merch ‚Ä¢ http://bit.ly/New-PBMerch \n‚ñ∫ PB Merch ‚Ä¢ http://bit.ly/New-PBMerch \n----------------------------------------¬≠¬≠¬≠¬≠¬≠¬≠¬≠----------------------------------¬≠-¬≠-¬≠-¬≠\n‚Ä¢ My Links ‚Ä¢\nMain Channel ‚Ä¢ http://youtube.com/pointlessblog \nGaming Channel ‚Ä¢ http://youtube.com/AlfieGames \nTwitter ‚Ä¢ https://twitter.com/pointlessblog \nFacebook ‚Ä¢ http://fb.com/PointlessBlogTv \nTumblr ‚Ä¢ http://pointlessblogtv.tumblr.com \nSnapChat ‚Ä¢ PointlessBlog\n----------------------------------------¬≠¬≠¬≠¬≠¬≠¬≠¬≠----------------------------------¬≠-¬≠-¬≠-¬≠-\n‚Ä¢ Music ‚Ä¢\nAndrew Applepie\n----------------------------------------¬≠¬≠¬≠¬≠¬≠¬≠¬≠----------------------------------¬≠-¬≠-¬≠-¬≠-\n‚Ä¢ Contact ‚Ä¢ Enquiries@PointlessBlog.co.uk\n----------------------------------------¬≠¬≠¬≠¬≠¬≠¬≠¬≠----------------------------------¬≠-¬≠-¬≠-¬≠-
2Vv-BfVoq4g,17.14.11,Ed Sheeran - Perfect (Official Music Video),Ed Sheeran,10,2017-11-09T11:04:14.000Z,"edsheeran|""ed sheeran""|""acoustic""|""live""|""cover""|""official""|""remix""|""official video""|""lyrics""|""session""",33523622,1634124,21082,85067,https://i.ytimg.com/vi/2Vv-BfVoq4g/default.jpg,FALSE,FALSE,FALSE,"üéß: https://ad.gt/yt-perfect\nüí∞: https://atlanti.cr/yt-album\nSubscribe to Ed's channel: http://bit.ly/SubscribeToEdSheeran\n\nFollow Ed on...\nFacebook: http://www.facebook.com/EdSheeranMusic\nTwitter: http://twitter.com/edsheeran\nInstagram: http://instagram.com/teddysphotos\nOfficial Website: http://edsheeran.com\n\nDirector: Jason Koenig\nProducer: Honna Kimmerer\nStarring: Ed Sheeran & Zoey Deutch \nDirector of Photography: Johnny Valencia\nProduction Company: Anonymous Content\nExec Producer: Nina Soriano\nProduction Manager: Doug Hoff\nCommissioner: Dan Curwin\nProduction Designer: John Lavin\nLead Casting: Amy Hubbard \n \nWritten by: Jason Koenig, Ed Sheeran, Andrew Kolvet, Jenny Koenig, Murray Cummings\n\nEdited by: Jason Koenig & Johnny Valencia\nVFX: Ian Hubert\n\nCast: Bo Valencia, Dennis Ranalta, Arthur Pauli\n \nSki Cinematography: Corey Koniniec\nSpecialty Camera op: Ryan Haug\n1st AC: Ryan Brown\n \n1st Assistant Director: Ole Zapatka\nArt Director: Klaus Hartl\nSnow fx: Lucien Stephenson\n\nGaffer: Thomas Berz\nStylist: Claudia Lajda\nHair & Makeup: Christel Thoresen\nAustrian Casting: Ursula Kiplinger\n \nAdditional VFX: Zoic\n\nSpecial Thanks to: The Hintertux Glacier, Austria;\nThe Tenne, and Hotel Neuhintertux"
#NAME?,17.14.11,CHRISTMAS HAS GONE TO MY HEAD,MoreZoella,22,2017-11-10T19:19:43.000Z,"zoe sugg|""zoella""|""zoe""|""vlog""|""vlogging""|""vlogs""|""daily""|""every""|""day""|""british""|""in the life""|""brighton""|""nala""|""puppy""|""pug""|""alfie deyes""|""pointlessblog""|""beauty""|""fashion""|""makeup""|""lifestyle""|""life""|""clothes""|""outfits""|""dog""|""home""|""interiors""|""books""|""food""|""baking""|""christmas""",1164201,57309,749,624,https://i.ytimg.com/vi/-N5eucPMTTc/default.jpg,FALSE,FALSE,FALSE,CHRISTMAS HAS GONE TO MY HEAD\nPrevious Vlog: http://bit.ly/2yQn6Dr\nMain Channel: http://bit.ly/2n34AgF\n\n--- Links below marked with a * are affiliate links - which means I receive a percentage of the revenue made from purchasing products through this link ‚Äî\n\nWhat I'm Wearing:\nT Shirt - Zoe Karssen - http://bit.ly/2ABhudK\n*Trousers - & Other Stories - http://bit.ly/2zO41C2\n*Coat - & Other Stories - http://bit.ly/2zMEWrj\n*Hat - ASOS (similar) http://bit.ly/2zM170G\n*Converse - http://bit.ly/2wrGiCw\n\nOther Places To Find Me:\n\nMAIN CHANNEL: http://youtube.com/zoella\nBLOG : http://www.zoella.co.uk\nTWITTER : http://twitter.com/Zoella\nINSTAGRAM : http://instagram.com/Zoella\nFACEBOOK : http://facebook.com/zoe.zoella\nSNAPCHAT : @OfficialZoella
LMCuKltaY3M,17.14.11,Elbow - Golden Slumbers (John Lewis Advert 2017),ElbowVEVO,10,2017-11-10T08:00:01.000Z,"Elbow|""Golden""|""Slumbers""|""Polydor""|""Alternative""",154494,2163,147,211,https://i.ytimg.com/vi/LMCuKltaY3M/default.jpg,FALSE,FALSE,FALSE,"‚ÄúGolden Slumbers‚Äù, originally by The Beatles, and as heard on the 2017 John Lewis Christmas advert. \n\nTaken from elbow‚Äôs new ‚ÄòBest Of‚Äô collection, released 24/11/2017. Pre-order now and get ‚ÄúGolden Slumbers‚Äù instantly: https://Elbow.lnk.to/BestOfID\n\nelbow are touring in 2017 and 2018 ‚Äì for tickets visit http://www.elbow.co.uk\n\nhttp://www.facebook.com/elbow\nhttp://www.twitter.com/elbow\nhttp://www.instagram.com/elbowofficial"
9t9u_yPEidY,17.14.11,"Jennifer Lopez - Amor, Amor, Amor (Official Video) ft. Wisin",JenniferLopezVEVO,10,2017-11-10T15:00:00.000Z,"Jennifer Lopez ft. Wisin|""Jennifer Lopez ft. Wisin Music""|""Jennifer Lopez ft. Wisin Official Video""|""Jennifer Lopez ft. Wisin Video""|""Jennifer Lopez ft. Wisin Video Oficial""|""Jennifer Lopez ft. Wisin Nuevo Video""|""Jennifer Lopez ft. Wisin New Video""|""Amor""|""Amor Official Video""|""Official Video""|""Amor Single""|""Single""|""Jennifer Lopez ft. Wisin New Single""|""Jennifer Lopez ft. Wisin Single""|""Jennifer Lopez ft. Wisin Amor""|""Jennifer""|""Lopez""",9548677,190084,15015,11473,https://i.ytimg.com/vi/9t9u_yPEidY/default.jpg,FALSE,FALSE,FALSE,"Jennifer Lopez ft. Wisin - Amor, Amor, Amor (Official Music Video)\n‚ÄúAmor, Amor, Amor‚Äù is available on these digital platforms!\niTunes: http://smarturl.it/AAAi\nApple Music: http://smarturl.it/AAAap\nSpotify: http://smarturl.it/AAAs\nAmazon Music: http://smarturl.it/AAAam\nGoogle Play: http://smarturl.it/AAAgp\nVideo: http://smarturl.it/AAAv\nLinkfire: https://SML.lnk.to/AAA\n\nFollow JLO!\nOfficial Site: http://www.jenniferlopez.com\nFacebook: https://www.facebook.com/jenniferlopez\nInstagram: https://www.instagram.com/jlo\nTwitter: https://twitter.com/jlo\nOfficial music video by Jennifer Lopez ft. Wisin performing Amor, Amor, Amor. (C) 2017 Sony Music Entertainment US Latin LLC"
ONQ-fAp5X64,17.14.11,CAN BABIES DO GYMNASTICS?  **World Record**,Nile Wilson,17,2017-11-11T10:30:00.000Z,"nile wilson|""nile wilson gymnastics""|""nile wilson olympics""|""olympic gymnast""|""amazing gymnastics""|""gymnastics""|""strength training""|""strength""|""hard work""|""vlogging""|""vlog""|""success""|""fitness""|""world record""|""has to be a world record""|""can babies do gymnastics""|""youngest gymnast in the world""|""ultimate gymnastics challenge""|""trampoline challenge""|""gymmastics challenge""|""baby gymnastics""",306724,9591,266,448,https://i.ytimg.com/vi/ONQ-fAp5X64/default.jpg,FALSE,FALSE,FALSE,"‚û¢ Join my FREE 7 Steps to Success - http://www.bodybible.life/\n‚û¢ Merch- http://www.nwclothing.co.uk/\n‚û¢ Enquiries - luke@activatemanagement.co.uk\n‚û¢R&B- https://open.spotify.com/user/1177145901/playlist/0DqvE5p0HqNfDbE3sS8rKZ\n‚û¢House - https://open.spotify.com/user/1177145901/playlist/2Vw8Wv059AoDWKJRaBTfzE\n‚û¢ Handstand Programme ü§∏üèº‚Äç‚ôÇÔ∏èhttps://bodybible.life/individual-programmes-2/\n‚û¢ Depop -https://www.depop.com/joannaj\n‚û¢ Gymnastics Gear ~ https://www.turn-gymnastics.com/\n‚û¢ Intro Song ~ Tom Zanetti, Darlin'\n‚û¢ Soundcloud ~ https://soundcloud.com/nile-wilson-2/sets/wobblers\n‚û¢Instagram https://instagram.com/nilemw/\n‚û¢ Body Bible instagram https://www.instagram.com/nw_bodybible/\n‚û¢Twitter https://twitter.com/NileMW\n‚û¢Facebook https://www.facebook.com/NileWilsonGy‚Ä¶\n‚û¢SnapChat - nilewilson\n‚û¢Songs ~ https://www.youtube.com/user/officialdjwelshy"
Dlwf5u2BLAg,17.14.11,"TV Reporter Interviews Alleged Bank Robber, Then Helps Police Catch Him",Inside Edition,25,2017-11-10T01:40:07.000Z,"reporter|""robbery""|""Crime""|""cat-news""|""police""|""bank""|""Georgia""|""offbeat""|""Inside Edition Offbeat""|""Inside Edition newsdesk""|""local news""|""bank robber""|""television reporter""|""television anchor""|""Gwinnett County""|""georgia""|""ashley thompson""",254314,1746,125,298,https://i.ytimg.com/vi/Dlwf5u2BLAg/default.jpg,FALSE,FALSE,FALSE,"More from Inside Edition: https://www.youtube.com/user/cbstvdinsideedition?sub_confirmation=1\nGeorgia police say in the midst of robbing banks, a suspect made time for a television interview on the local news. A reporter was doing an unrelated story about traffic when she approached the man to get his opinion. She says before going on camera, he asked to take off the same headwear seen in surveillance photos. Police contacted the reporter for his information, and her next headline was an arrest. InsideEdition.com's Lisa Voyticki has more."
NVCqz2BDfcQ,17.14.11,Gucci Mane  - Curve (ft. The Weeknd),OfficialGucciMane,10,2017-11-10T17:18:13.000Z,"Gucci Mane|""The Weeknd""|""Curve""|""Official""|""Music Video""|""Atlantic""|""Records""|""trap""|""trap god""|""1017""|""gucci""|""mr davis""|""atlanta""|""rap""|""hip hop""",946859,37986,816,2006,https://i.ytimg.com/vi/NVCqz2BDfcQ/default.jpg,FALSE,FALSE,FALSE,Gucci Mane - Curve feat. The Weeknd\n\n Mr. Davis out now: https://Atlantic.lnk.to/MrDavis\n\nGet exclusive Mr. Davis merchandise here: http://smarturl.it/MrDavisBundlesYT\n\nFollow Gucci Mane\nhttp://GucciManeOnline.com\nhttp://Twitter.com/Gucci1017\nhttp://Facebook.com/GucciMane\nhttp://Instagram.com/LaFlare1017\nhttps://open.spotify.com/artist/13y7CgLHjMVRMDqxdx0Xdo\n\nDIRECTOR - David Helman\nDP - Dustin Lane\nEXEC PRODUCER - Whitney Jackson\nPRODUCER - Jeff Kopchia\nGAFFER - Andrew Valenti\nKEY GRIP - Matt Garza\nPROD DESIGNER - Spencer Graves\nEDITOR - Nick Rondeau
MyEqfBkzESU,17.14.11,EXTREME GOLDEN TAN TRANSFORMATION,John Maclean,26,2017-11-10T20:40:44.000Z,"Extreme Tan|""Tanning""|""Tanning Bed""|""How to get best Tan""|""Black to White""|""White To Tan""|""How to apply fake tan""|""Tanning Routine""|""Best fake tan""|""How to tan faster in the sun""|""How to make tan last""|""tanned skin""|""tan makeup""",300617,8133,2693,2911,https://i.ytimg.com/vi/MyEqfBkzESU/default.jpg,FALSE,FALSE,FALSE,-\n\n\nWebsite - http://www.johnmaclean.co.uk\n\nPatreon - https://www.patreon.com/johnmaclean\n\nInstagram - https://instagram.com/LordMaclean\n\nTwitter - https://twitter.com/HouseOfMaclean\n\nFacebook - https://www.facebook.com/CosmeticCons...\n\nYoutube - https://www.youtube.com/CosmeticConsu...\n\n\n-
b4vTZx_AtHk,17.14.11,How To Dry a Shirt in 30 Seconds,HowToBasic,26,2017-11-09T18:36:48.000Z,"how to dry a shirt in 30 seconds|""how to dry a shirt""|""life hack""|""how to quickly dry clothing""|""how to dry a shirt fast""|""quickly dry clothes""|""quickly dry clothing""|""dry a shirt fast""|""howtobasic""",2063667,98804,11682,11443,https://i.ytimg.com/vi/b4vTZx_AtHk/default.jpg,FALSE,FALSE,FALSE,"Today I show you how to completely dry a shirt or any other piece of clothing in 30 seconds or less. I recently discovered this amazing trick that can dry any piece of clothing incredibly fast! I didn't believe my eyes as my shirt magically became bone dry in a matter of seconds. I thought this method was too good to keep to myself, so I decided to make this video to share it with the world. Sick of waiting for your clothes to dry? Simply follow the step by step instructions in this video.\n\nDon't keep this lightning fast clothes drying technique to yourself! SHARE IT: \nTWEET IT‚ñ∫ https://ctt.ec/89bMT \nEGGBOOK IT‚ñ∫ http://bit.ly/ShirtDryLifeHack \n\nClick Here To Eggscribe! --‚ñ∫\n‚Ä™http://bit.ly/Eggscribe\n\nHave a video Suggestion? Post it in the Comments Section, Contact me through my Facebook page or Tweet me!\n\nConnect with me!\nFacebook ‚ñ∫ ‚Ä™http://www.facebook.com/HowToBasic‚Ä¨\nTwitter ‚ñ∫ ‚Ä™http://www.twitter.com/HowToBasic‚Ä¨\nInstagram ‚ñ∫ ‚Ä™http://instagram.com/HowToBasic‚Ä¨\n2ND Channel ‚ñ∫ ‚Ä™http://www.youtube.com/HowToBasic2‚Ä¨\n \nT-Shirts & Eggy Merchandise ‚ñ∫ ‚Ä™http://howtobasic.spreadshirt.com/\n\nKnow someone that would be interested in this life hack? Link them to this video!"
BsfhHKx6ajA,17.14.11,Attracting An Alpaca With An Accordion | Nowhere Else,Good Mythical Morning,24,2017-11-10T11:00:00.000Z,"rhett and link|""gmm""|""good mythical morning""|""rhett and link good mythical morning""|""good mythical morning rhett and link""|""mythical morning""|""gmm food""|""Season 12""|""attracting an alpaca with an accordion""|""alpaca""|""accordion""|""apple pie""|""abraham lincoln""|""rhett link alpaca""|""gmm alpaca""|""gmm challenge""|""rhett link challenge""|""gmm bit""|""rhett link bit""|""llama""|""alpacas""|""comedy""|""animals""|""gmm music""|""try not to laugh""|""experiment""|""challenge""",728547,12553,2146,1143,https://i.ytimg.com/vi/BsfhHKx6ajA/default.jpg,FALSE,FALSE,FALSE,"Trust us, there's nowhere else in the universe that you'll see something like this. GMM #1217\nWatch GMMore: https://youtu.be/qfBLDHxHb6Q | Part 3: https://youtu.be/BsfhHKx6ajA\nWatch today's episode from the start: http://bit.ly/GMM1217\n\nPick up all of the official GMM merch only at https://mythical.store\n\nFollow Rhett & Link: \nInstagram: https://instagram.com/rhettandlink\nFacebook: https://facebook.com/rhettandlink\nTwitter: https://twitter.com/rhettandlink\nTumblr: https://rhettandlink.tumblr.com\nSnapchat: @realrhettlink\nWebsite: https://mythical.co/\n\nCheck Out Our Other Mythical Channels:\nGood Mythical MORE: https://youtube.com/goodmythicalmore\nRhett & Link: https://youtube.com/rhettandlink\nThis Is Mythical: https://youtube.com/thisismythical\nEar Biscuits: https://applepodcasts.com/earbiscuits\n\nWant to send us something? https://mythical.co/contact\nHave you made a Wheel of Mythicality intro video? Submit it here: https://bit.ly/GMMWheelIntro\n\nIntro Animation by Digital Twigs: https://www.digitaltwigs.com\nIntro & Outro Music by Jeff Zeigler & Sarah Schimeneck https://www.jeffzeigler.com\nWheel of Mythicality theme: https://www.royaltyfreemusiclibrary.com/\nAll Supplemental Music fromOpus 1 Music: https://opus1.sourceaudio.com/\nWe use ‚ÄòThe Mouse‚Äô by Blue Microphones https://www.bluemic.com/mouse/\n\nNo alpacas were harmed or found themselves attracted to Abraham Lincoln during the making of this segment."
DIU3xPdhCBI,17.14.11,Sam Smith surprises brides at their wedding! (At The BBC),BBC Music,10,2017-11-09T22:26:10.000Z,"bbc|""music""|""bbc music""|""Sam Smith""|""Wedding""|""Sam Smith At The BBC""|""At the BBC""",893462,22326,833,943,https://i.ytimg.com/vi/DIU3xPdhCBI/default.jpg,FALSE,FALSE,FALSE,"You have to watch this! Sam serenades a couple at their wedding, and it is beautiful.\n\nSubscribe now: http://bit.ly/2fKbxWg \nWatch more: http://www.bbc.co.uk/programmes/b09f47wy"
pz95u3UVpaM,17.14.11,Camila Cabello - Havana (Vertical Video) ft. Young Thug,CamilaCabelloVEVO,10,2017-11-10T05:01:00.000Z,"camila cabello|""camila""|""young thug""|""havana""|""fifth harmony""|""5h""|""harmonizers""|""crying in the club""|""omg""|""i have questions""|""know no better""|""lauren jauregui""|""dinah jane""|""normandi kordei""|""ally brooke""|""lele""|""pons""|""lelepons""|""shawn mendes""|""LeLe Pons""|""LuJuan James""|""influencers""|""instagram influencer""|""lele instagram""|""latina influencer""|""lelepons dance videos""|""lele pons dance battle""|""Camila Cabello feat. Young Thug""|""Havana""|""Pop""|""Syco Music/Epic""",5476738,286269,4083,12254,https://i.ytimg.com/vi/pz95u3UVpaM/default.jpg,FALSE,FALSE,FALSE,"Havana ‚Äì Spotify Vertical Video \nVideo Director: Sam Lecca\nAvailable at Spotify: http://smarturl.it/Havana_Sptfy \n\nFind Camila Here: \nTwitter: @camila_cabello\nIG: @camila_cabello \nFacebook: @97camilacabello \nWebsite: www.camilacabello.com \n \n#Havana\n#HAVANAtheMOVIE\n#Camila\n#CamilaCabello\n \n(C) 2017 Simco Ltd. under exclusive license to Epic Records, a division of Sony Music Entertainment Category: Music License: Standard YouTube License\n \nCategory: Music"
jp9hK-jY6yY,17.14.11,When Someone Has A Crush on You | Lilly Singh,IISuperwomanII,23,2017-11-09T22:21:13.000Z,"iisuperwomanii|""iisuperwomenii""|""superwoman""|""superwomen""|""super""|""comedy""|""comedian""|""brown""|""indian""|""desi""|""punjabi""|""hindi""|""when someone has a crush on you""|""crush""|""crush on you""|""when a crush""|""crush you""|""on you""|""someone on""|""when someone""|""llsuperwomanll""|""lilly singh""|""lily singh""|""lily sing""|""lilly sing""|""IIsuperwomanII""|""someone has""|""you crush""|""when you""|""lilly""|""singh""|""when someone likes you""|""when someone has a crush""|""that feeling when""|""someone likes you""|""someone has a crush on you""|""lilly singh crush""",3371669,202676,3394,20086,https://i.ytimg.com/vi/jp9hK-jY6yY/default.jpg,FALSE,FALSE,FALSE,"You know that feeling when someone has a crush on you!! Watch Lilly Singh break down the three phases of finding out someone likes her.\nSubscribe: http://bit.ly/1HiqYG0 | Follow my FB: https://facebook.com/IISuperwomanII/\nSkits: https://youtube.com/watch?v=jyxi0rfEDnE&list=PLuBXqtS2jaLMhu9PU0tAaHbnqloWibwl0\n\nIf you want to add translations, click the gear icon and go to Subtitles/CC then to Add subtitles or CC! \n\nFollow Roscoe (my boyfriend):\nInstagram: https://instagram.com/chickenanwaffles\n\nFollow IIManjeetII:\nInstagram: https://instagram.com/iiparamjeetii/\nTwitter: https://twitter.com/iiparamjeetii/\n\nFollow IIParamjeetII: \nInstagram: https://instagram.com/iimanjeetii/\nTwitter: https://twitter.com/iimanjeetii/\n\nGet HOW TO BE A BAWSE: https://lillysinghbook.com\n\nFollow IISuperwomanII:\nFacebook: https://facebook.com/IISuperwomanII/\nInstagram: https://instagram.com/iisuperwomanii/\nTwitter: https://twitter.com/iisuperwomanii\nSuperwomanVlog Channel: https://youtube.com/user/SuperwomanVlogs\nOfficial Website: http://lillysingh.com/\n\nWatch More IISuperwomanII:\nTypes Of People: https://youtube.com/watch?v=eR_nzGqYXNw&list=PLuBXqtS2jaLMu81JnF6AOnRHzG6Csbd6y\nMy Parents: https://youtube.com/watch?v=EPHMXbZml_s&list=PLuBXqtS2jaLOGQynSYvxaqUgvNl7Ovz8x\nSkits: https://youtube.com/watch?v=jyxi0rfEDnE&list=PLuBXqtS2jaLMhu9PU0tAaHbnqloWibwl0\nThe Super Rants: https://youtube.com/watch?v=KYadw8gNOok&list=PLuBXqtS2jaLPopv899QwFphiirmD_XWdq\nLatest Uploads: https://youtube.com/user/IISuperwomanII/videos?view=0&sort=dd&shelf_id=2\n\nThanks for watching and don't forget to keep smiling. You're worth it! xoxo"
gEHCXl4J9Qo,17.14.11,Taylor Swift - ‚ÄúNew Year‚Äôs Day‚Äù Fan Performance,ABC Television Network,24,2017-11-10T02:32:15.000Z,"American Broadcasting Company|""ABC""|""ABC Network""|""Television""|""TV""|""what to watch""|""trailer""|""tv show""|""Television Program""|""Taylor Swift""|""New Year's Day""|""Performance""|""Reputation""",2237404,72593,1830,3501,https://i.ytimg.com/vi/gEHCXl4J9Qo/default.jpg,FALSE,FALSE,FALSE,"This intimate fan performance of Taylor Swift's new song, New Year's Day from her album Reputation was filmed in October in the living room of her Rhode Island home. One hundred fans, who were picked by Swift herself, were in the audience.\n \nSwift invited fans to join her for special early listening parties called ‚Äúsecret sessions‚Äù to get an exclusive first listen of her new music before its public release. During the sessions, Swift personally walked her fans through the inspiration and the process behind making each song.\n\nSubscribe: http://goo.gl/mo7HqT"
OWvCCu2t6Ts,17.14.11,SO Much To Tell You | 32 Weeks Pregnant | MOTHERHOOD,Sprinkleofglitter,26,2017-11-10T16:59:50.000Z,"sprinkleofglitter|""sprinkle of glitter""|""Louise Pentland""|""motherhood""|""british mum vlogger""|""uk mum vlogger""|""32 weeks pregnant""|""3rd trimester""|""coping with SPD""|""Choosing a home birth""|""home birth after trauma""|""home birth with high bmi""",238843,10028,248,650,https://i.ytimg.com/vi/OWvCCu2t6Ts/default.jpg,FALSE,FALSE,FALSE,"A big chat about everything going on in my pregnancy right now!\nPrevious Video (Mum Style) - http://bit.ly/2mdGCE8\n\nMore of Me : \n\nTwitter - https://twitter.com/LouisePentland\nFaceBook - https://www.facebook.com/louisepentland/\nSnapchat - LouisePentland\nInsta- Louise Pentland\nRobin Wilde - http://louisepentlandnovel.com/\n\nFor business enquiries, please contact Maddie or Charlotte at my management company, Gleam Futures!\n\nAbout Me ::\n\nHi, I'm Louise! I started this channel in 2009 after readers of my blog (also called Sprinkle of Glitter) suggested I give YouTube a try. I was instantly hooked and have found my internet playground on here. I make videos about beauty & fashion, positive living, motherhood, lifestyle and occasionally have special guests (friends, kittens or my sweet Daughter Darcy). Hit the subscribe button to never miss a video again! \n\nI try to upload every Wednesday and Friday!\n\nI chat every day on my other social media (linked above) so do come and say hi! \n\nBig hugs,\n\nLouise xxx"
6p-QzY5bxJ0,17.14.11,The 'Stranger Things' Kids Were Nearly a Motown Super Group,The Late Late Show with James Corden,24,2017-11-09T06:45:55.000Z,"James Corden|""The Late Late Show""|""Colbert""|""late night""|""late night show""|""Stephen Colbert""|""Comedy""|""monologue""|""comedian""|""impressions""|""celebrities""|""carpool""|""karaoke""|""CBS""|""Late Late Show""|""Corden""|""joke""|""jokes""|""funny""|""funny video""|""funny videos""|""humor""|""celebrity""|""celeb""|""hollywood""|""famous""",5541767,263918,1502,10706,https://i.ytimg.com/vi/6p-QzY5bxJ0/default.jpg,FALSE,FALSE,FALSE,"James and the young stars of Stranger Things - Finn Wolfhard, Gaten Matarazzo, Caleb McLaughlin, and Noah Schnapp - reunite their Motown cover band The Upside Downs.\n\nMore Late Late Show:\nSubscribe: http://bit.ly/CordenYouTube\nWatch Full Episodes: http://bit.ly/1ENyPw4\nFacebook: http://on.fb.me/19PIHLC\nTwitter: http://bit.ly/1Iv0q6k\nInstagram: http://bit.ly/latelategram\n\nWatch The Late Late Show with James Corden weeknights at 12:35 AM ET/11:35 PM CT. Only on CBS.\n\nGet new episodes of shows you love across devices the next day, stream live TV, and watch full seasons of CBS fan favorites anytime, anywhere with CBS All Access. Try it free! http://bit.ly/1OQA29B\n\n---\nEach week night, THE LATE LATE SHOW with JAMES CORDEN throws the ultimate late night after party with a mix of celebrity guests, edgy musical acts, games and sketches. Corden differentiates his show by offering viewers a peek behind-the-scenes into the green room, bringing all of his guests out at once and lending his musical and acting talents to various sketches. Additionally, bandleader Reggie Watts and the house band provide original, improvised music throughout the show. Since Corden took the reigns as host in March 2015, he has quickly become known for generating buzzworthy viral videos, such as Carpool Karaoke."
fiusxyygqGk,17.14.11,Marshmello - You & Me (Official Music Video),marshmello,10,2017-11-10T15:00:03.000Z,"selena gomez wolves|""alone marshmello""|""marshmello - alone""|""marshmellow""|""you and me""|""marshmello music video""|""marshmello you and me""|""cooking with mello""|""silence""|""wolves""|""havana""|""nuevo musica""|""nueva canciones""|""khalid""|""selena""|""alan walker""|""marshmello AMV""|""Toon53""|""Marshmello cartoon""|""cartoon""|""animated""|""animated music video""|""toons""|""cartoons""|""rick and morty""|""pickle rick""|""rollercoasters""|""roblox""|""marshmello roblox""|""naruto""|""marshmello singing""|""musically""|""top new songs""",3407008,207262,3167,13279,https://i.ytimg.com/vi/fiusxyygqGk/default.jpg,FALSE,FALSE,FALSE,PURCHASE YOU & ME HERE ‚ñ∂ https://smarturl.it/melloyouandme\n\nWATCH WOLVES VERTICAL VIDEO ‚ñ∂ https://youtu.be/hd2SGk90r9k\nWATCH SILENCE MUSIC VIDEO ‚ñ∂ https://youtu.be/Tx1sqYc3qas\nWATCH FIND ME MUSIC VIDEO ‚ñ∂ https://youtu.be/ymq1WdGUcw8\nWATCH MOVING ON MUSIC VIDEO ‚ñ∂ https://youtu.be/yU0tnrEk8H4\nWATCH SUMMER MUSIC VIDEO ‚ñ∂ https://youtu.be/2vMH8lITTCE\nWATCH ALONE MUSIC VIDEO ‚ñ∂ https://youtu.be/ALZHF5UqnU4\nWATCH KEEP IT MELLO MUSIC VIDEO ‚ñ∂ https://youtu.be/_J_VpmXAzqg\n\nSUBSCRIBE HERE ‚ñ∂ http://www.youtube.com/marshmellomusic?sub_confirmation=1\n\nMARSHMELLO: \nSpotify | http://spoti.fi/2lxqzzm\nSoundCloud | http://soundcloud.com/marshmellomusic\nInstagram | http://instagram.com/marshmellomusic\nTwitter | http://twitter.com/marshmellomusic\nFacebook | http://facebook.com/marshmellomusic\n\nProduced & Directed by Toon53 Productions | https://www.toon53productions.com
QOksZ8VogRw,17.14.11,Bastille - World Gone Mad (from Bright: The Album) [Official Music Video],Atlantic Records,10,2017-11-09T17:03:42.000Z,"music|""official""|""music video""|""Bright""|""Bright: The Album""|""Bright The Album""|""Bastille""|""World Gone Mad""|""Atlantic Records""|""will smith""|""orc""",626688,25115,499,1392,https://i.ytimg.com/vi/QOksZ8VogRw/default.jpg,FALSE,FALSE,FALSE,Bastille - World Gone Mad from Bright: The Album \n\nBright The Album Available 12/13\nPre-Order/Stream Now - https://Atlantic.lnk.to/Bright \n\nWatch Bright exclusively on Netflix starting 12/22\n\nFollow Bastille\nhttps://www.facebook.com/bastilleuk/\nhttps://www.instagram.com/bastilledan\nhttps://twitter.com/bastilledan \n\nFollow Atlantic Records\nhttps://www.facebook.com/atlanticrecords\nhttps://www.instagram.com/atlanticrecords\nhttps://twitter.com/AtlanticRecords\n\nFollow Bright\nhttps://www.facebook.com/BrightMovie/\nhttps://www.instagram.com/bright/\nhttps://www.twitter.com/brightnetflix/\n\nDirected by RJ Sanchez and Brendan Vaughan\nA Snow Beach Production
lo5ERI5nPbM,17.14.11,Sharon Needles - Andy Warhol Is Dead [Official],Sharon Needles,10,2017-11-10T18:52:40.000Z,"Sharon Needles|""Andy Warhol Is Dead""|""Battle Axe""|""sharon""|""needles""|""andy""|""warhol""|""is""|""dead""|""battle""|""axe""|""drag""",74934,4577,292,440,https://i.ytimg.com/vi/lo5ERI5nPbM/default.jpg,FALSE,FALSE,FALSE,A Geek Mythology Production \n\nDirector Ben Simkins \nProducer Katelyn Simkins \nEdited by Katelyn and Ben Simkins\nStarring Sharon Needles\nDP Luke Askelson\nKey Grip Melanie Watson\nPA Michael Glod \nWigs Chad O'Connell\nExecutive Producer David Charpentier\n\nProducer Entertainment Group\n\nGet the single on iTunes:\nhttp://itunes.apple.com/album/id1309139954?ls=1&app=itunes\n\nGet the full album Battle Axe on iTunes:\nhttp://itunes.apple.com/album/id1288713669?ls=1&app=itunes
Ja_GMU7-sjs,17.14.11,Google Pixelbook: $1000 of Weird!,Marques Brownlee,28,2017-11-09T21:18:33.000Z,"Google Pixelbook|""Chromebook""|""Pixel""|""$1000""|""1000 dollar""|""1000""|""expensive chromebook""|""pixelbook review""|""pixelbook pen""|""chromebook pixel""|""chromebook""|""best chromebook""|""MKBHD""",1575525,52829,1524,5864,https://i.ytimg.com/vi/Ja_GMU7-sjs/default.jpg,FALSE,FALSE,FALSE,Pixelbook is a $1000 2-in-1 laptop/tablet and it's super weird.\nGoogle Pixelbook (i5): http://amzn.to/2hX8yr5\nThat hoodie: http://amzn.to/2hiy9dE\n\nVideo Gear I use: http://kit.com/MKBHD/video-gear#recommendation17959\n\nIntro Track: Drugs by Alltta\n\n~\nhttp://twitter.com/MKBHD\nhttp://snapchat.com/add/MKBHD\nhttp://google.com/+MarquesBrownlee\nhttp://instagram.com/MKBHD\nhttp://facebook.com/MKBHD
_6ViZ13mN9I,17.14.11,GSP and Tyron Woodley Talk About Their Potential Super Fight | The Hollywood Beatdown,TMZSports,17,2017-11-10T21:52:31.000Z,"TMZ|""TMZ Sports""|""TMZ Sports Channel""|""TMZ 2017""|""TMZ Sports 2017""|""Celebrity""|""Sports""|""Athletes""|""TMZ News""|""Famous""|""Hall of Fame""|""Sports News""|""TMZ2016FS11221""|""The Hollywood Beatdown""|""Tyron Woodley""|""UFC Tyron Woodley""|""UFC Champion Tylor Woodley""|""GSP""|""George St Pierre""|""Michael Bispin""|""UFC Fight""|""Tyron Woodley GSP Fight""|""Tyron Woodley George St Pierre""|""Conor McGregor""|""UFC Conor Mcgregor""|""Roy Halladay""|""Celine Dion""|""Steve Aoki""|""Celine dion My heart will go on live""",86296,629,77,642,https://i.ytimg.com/vi/_6ViZ13mN9I/default.jpg,FALSE,FALSE,FALSE,"Every Friday on TMZ Sports UFC Welterweight Champion Tyron The Chosen One Woodley dishes on his favorite stories in the world of Hollywood and Sports. Hear what Tyron is FIRED UP about, who he wants to PUNCH IN THE FACE, and his honest take on a story we like to call On The Real, Though.\n\nSUBSCRIBE -- http://po.st/TMZSportsSubscribe\n\nAbout TMZ Sports:\nSome of the best stories in sports have been off the field and we‚Äôre reporting on athletes from NFL, NBA, UFC, WWE, MLB and more!  \n\nSubscribe to TMZ Sports on YouTube for the latest news, exclusive interviews, clips from TMZ Sports on FS1 and videos of your favorite athletes and celebs. \n\nNeed More TMZ?\nTMZ Sports Website: http://po.st/TMZSportsWebsite\nLIKE TMZ Sports on Facebook!http://po.st/TMZSportsLike\nFOLLOW TMZ on Twitter! http://po.st/TMZFollow\nFOLLOW TMZ on Instagram! http://po.st/TMZInsta\nTMZ on TV & TMZ Sports on FS1 Tune In Info: http://po.st/TMZOnAir\nTMZ is on iOS! http://po.st/TMZiOS\nTMZ is on Android! http://po.st/TMZonAndroid\n\nGot a Tip?\nContact TMZ: http://po.st/TMZTip\n\nCheck out TMZ, TMZ Live, and toofab!\nTMZ: http://po.st/TMZWebsite\nSubscribe! TMZ: http://po.st/TMZSubscribe\nTMZ Live: http://po.st/TMZLiveWebsite\nSubscribe! TMZ Live: http://po.st/TMZLiveSubscribe\nToofab: http://po.st/toofabWebsite\nSubscribe! toofab: http://po.st/toofabSubscribe\n\nhttps://www.youtube.com/c/tmzsports"
F62QpaPWXDI,17.14.11,THE CHEAPEST & BEST EYESHADOWS?,Jamie Genevieve,22,2017-11-09T18:18:59.000Z,"jamie genevieve|""bblogger""|""youtuber""|""makeup""|""tutorial""|""how to""|""vlog""|""makeup tutorial""|""bleach london""|""louder powder""|""bleach london eyeshadows""|""cheapest eyeshadows""",110769,5029,81,305,https://i.ytimg.com/vi/F62QpaPWXDI/default.jpg,FALSE,FALSE,FALSE,"Subscribe and join the fam! http://www.youtube.com/jamiegenevieve\n\nHey guys! So excited to show you guys these shadows from BLEACH London. What do you think? J x\n\nPRODUCTS\n\nBleach London Louder Powder Single Eyeshadows (TD 2ma, TD ma, PH 4ma, AP 4ma, OTB 5ma)  - http://bit.ly/2yWuDQD\n\nBleach London Glitterati Single Glitter (Washed Up Mermaid) - http://bit.ly/2yXMeHU\n\nBleach London Large Palette - http://bit.ly/2yXKDlo\n\nTarte Shape Tape - http://bit.ly/2yWcpyp\n\nFenty Beauty Universal Powder - http://bit.ly/2yVwHIx\n\nLily Lashes in Mykonos - http://bit.ly/2gUV42b\n\nMac Yash Lipstick - http://bit.ly/2gVd0cY\n\nTarte - Tartiest Gloss Lip Paint -  http://bit.ly/2yX7Gg0\n\nFAVE EVER BRUSHES\n\nEYES & BROWS\nZoeva Complete Eye Set - http://bit.ly/2uGWKg9\nZoeva 224 - http://bit.ly/2upoieJ\nZoeva Shader - http://bit.ly/2uGJxUZ\nZoeva Pencil - http://bit.ly/2uGl5mD\nMorphe M507 - http://bit.ly/2uppCOJ\nMAC 224 - http://bit.ly/2uGoD88\nDose of Colors Concealer Brush - http://bit.ly/2uGM9lB\nDose of Colors Shader Brush - http://bit.ly/2up6QXU\n\nFACE\nZoeva Complete Face Set - http://bit.ly/2uGUhT6\nZoeva Powder Fusion - http://bit.ly/2uGnL3s\nCharlotte Tilbury Blush Brush - http://bit.ly/2upQazr\nCharlotte Tilbury Powder & Sculpt Brush - http://bit.ly/2uGgXD6\nBlank Canvas Buffing Brush - http://bit.ly/2uGTz8o\nPro Beauty Blender - http://bit.ly/2upF7q9\nMorphe M407 - http://bit.ly/2uH1YJ0\n\nMakeup Artist Starter Set - http://bit.ly/2upOZ35\nSmith Brushes - https://www.smithcosmetics.com/collections/brushes\n\n\nEQUIPMENT\nNew Filming Camera: http://bit.ly/2rOAl01\nOld Filming Camera (bit cheaper but still good) :  http://bit.ly/2t3Ibqb\nPhoto/Vlog Camera: http://bit.ly/2tGTHW2\nComputer: http://bit.ly/2t7EpwJ\nLaptop: http://bit.ly/2s87bs8\nRing Light: http://amzn.to/2kFz36Y\nSoft Boxes: http://amzn.to/2jUzeY0\nEditing Software: Final Cut Pro\n\n\nBE MY FRIEND:\nInstagram - http://www.instagram.com/jamiegenevieve\nTwitter - http://www.twitter.com/jamie_genevieve\nYouTube - http://www.youtube.com/jamiegenevieve\nSnapchat - jamie_genevieve\n\nDISCLAIMER:  Some of the above links are affiliate links, which means that if you click and make a purchase I may receive a small commission. This helps support my channel and allows me to continue to make videos like this! Thank you so much for the support.\n\nThis video was not sponsored.\n\nJ x"
g5c1bk8weaQ,17.14.11,FIRST TIME IM DOING THIS! TALKS WITH LIZA.,Liza Koshy,23,2017-11-10T03:43:43.000Z,"liza|""lizza""|""lizzza""|""lizzzavine""|""lizzzak""|""lizzzako""|""koshy""|""lizakoshy""|""wednesdays""|""top picks topics""|""conversations""|""boob talk""|""period talk""|""girl talk""|""talking to you""|""liza q and a""|""liza topics""|""liza koshy""|""liza koshy too""|""liza koshy characters""|""tea with liza""|""boobs""|""boob size""|""breast milk""|""having kids""|""when im having kids""|""liza pregnant""|""liza david pregnant""|""liza david kids""|""naming kids""|""kids names""|""comedy""|""improv""|""sketch""|""series""",3578502,307435,2573,12248,https://i.ytimg.com/vi/g5c1bk8weaQ/default.jpg,FALSE,FALSE,FALSE,"Having kids, having anxiety and not having boobs! Talking topics YOU tweeted! Trying something new here, and trying hard per usual lol. Thanks for watching babes! Stalk my other social medias down below: \n‚Ä¢‚Ä¢‚Ä¢‚Ä¢‚Ä¢‚Ä¢‚Ä¢‚Ä¢‚Ä¢‚Ä¢‚Ä¢‚Ä¢‚Ä¢‚Ä¢‚Ä¢‚Ä¢‚Ä¢‚Ä¢‚Ä¢‚Ä¢‚Ä¢‚Ä¢‚Ä¢‚Ä¢‚Ä¢‚Ä¢‚Ä¢‚Ä¢‚Ä¢‚Ä¢‚Ä¢‚Ä¢‚Ä¢‚Ä¢‚Ä¢‚Ä¢‚Ä¢‚Ä¢‚Ä¢‚Ä¢¬≠¬≠¬≠‚Ä¢‚Ä¢‚Ä¢‚Ä¢‚Ä¢‚Ä¢‚Ä¢‚Ä¢‚Ä¢‚Ä¢‚Ä¢\nHelp yourself to this website! https://www.mentalhealth.gov/\n‚Ä¢‚Ä¢‚Ä¢‚Ä¢‚Ä¢‚Ä¢‚Ä¢‚Ä¢‚Ä¢‚Ä¢‚Ä¢‚Ä¢‚Ä¢‚Ä¢‚Ä¢‚Ä¢‚Ä¢‚Ä¢‚Ä¢‚Ä¢‚Ä¢‚Ä¢‚Ä¢‚Ä¢‚Ä¢‚Ä¢‚Ä¢‚Ä¢‚Ä¢‚Ä¢‚Ä¢‚Ä¢‚Ä¢‚Ä¢‚Ä¢‚Ä¢‚Ä¢‚Ä¢‚Ä¢‚Ä¢¬≠¬≠¬≠‚Ä¢‚Ä¢‚Ä¢‚Ä¢‚Ä¢‚Ä¢‚Ä¢‚Ä¢‚Ä¢‚Ä¢‚Ä¢\nFun editing bits by: JOE VULPIS!\nCheck out this video of Joe and I (Comment LIZA IS CUTER THAN DAVID!) : https://youtu.be/oMO0Yix71Cg\n‚Ä¢‚Ä¢‚Ä¢‚Ä¢‚Ä¢‚Ä¢‚Ä¢‚Ä¢‚Ä¢‚Ä¢‚Ä¢‚Ä¢‚Ä¢‚Ä¢‚Ä¢‚Ä¢‚Ä¢‚Ä¢‚Ä¢‚Ä¢‚Ä¢‚Ä¢‚Ä¢‚Ä¢‚Ä¢‚Ä¢‚Ä¢‚Ä¢‚Ä¢‚Ä¢‚Ä¢‚Ä¢‚Ä¢‚Ä¢‚Ä¢‚Ä¢‚Ä¢‚Ä¢‚Ä¢‚Ä¢¬≠¬≠¬≠‚Ä¢‚Ä¢‚Ä¢‚Ä¢‚Ä¢‚Ä¢‚Ä¢‚Ä¢‚Ä¢‚Ä¢‚Ä¢\nKeep up with this little brown girl!\nINSTAGRAM: http://instagram.com/lizakoshy\nTWEET ME: http://twitter.com/lizakoshy @LIZAKOSHY\nSNAPCHAT: @lizakoshysnaps\nMUSICAL.LY: @lizakoshy\nBUSINESS INQUIRIES: LizaKoshyPartner@gmail.com\n‚Ä¢‚Ä¢‚Ä¢‚Ä¢‚Ä¢‚Ä¢‚Ä¢‚Ä¢‚Ä¢‚Ä¢‚Ä¢‚Ä¢‚Ä¢‚Ä¢‚Ä¢‚Ä¢‚Ä¢‚Ä¢‚Ä¢‚Ä¢‚Ä¢‚Ä¢‚Ä¢‚Ä¢‚Ä¢‚Ä¢‚Ä¢‚Ä¢‚Ä¢‚Ä¢‚Ä¢‚Ä¢‚Ä¢‚Ä¢‚Ä¢‚Ä¢‚Ä¢‚Ä¢‚Ä¢‚Ä¢¬≠¬≠¬≠‚Ä¢‚Ä¢‚Ä¢‚Ä¢‚Ä¢‚Ä¢‚Ä¢‚Ä¢‚Ä¢‚Ä¢‚Ä¢\nMusic Creds: \n‚Ä¢Jou Beats - Brasil\n‚Ä¢‚Ä¢‚Ä¢‚Ä¢‚Ä¢‚Ä¢‚Ä¢‚Ä¢‚Ä¢‚Ä¢‚Ä¢‚Ä¢‚Ä¢‚Ä¢‚Ä¢‚Ä¢‚Ä¢‚Ä¢‚Ä¢‚Ä¢‚Ä¢‚Ä¢‚Ä¢‚Ä¢‚Ä¢‚Ä¢‚Ä¢‚Ä¢‚Ä¢‚Ä¢‚Ä¢‚Ä¢‚Ä¢‚Ä¢‚Ä¢‚Ä¢‚Ä¢‚Ä¢‚Ä¢‚Ä¢¬≠¬≠¬≠‚Ä¢‚Ä¢‚Ä¢‚Ä¢‚Ä¢‚Ä¢‚Ä¢‚Ä¢‚Ä¢‚Ä¢‚Ä¢\nWATCH MY OTHER VIDS!\nTARGET WITH LIZZZA PART 2!: https://www.youtube.com/watch?v=weGc3...\nWORLD'S BEST BEAUTY HACKS!: https://www.youtube.com/watch?v=w38IG...\nMEET JET!!: https://www.youtube.com/watch?v=6-u9o...\n‚Ä¢‚Ä¢‚Ä¢‚Ä¢‚Ä¢‚Ä¢‚Ä¢‚Ä¢‚Ä¢‚Ä¢‚Ä¢‚Ä¢‚Ä¢‚Ä¢‚Ä¢‚Ä¢‚Ä¢‚Ä¢‚Ä¢‚Ä¢‚Ä¢‚Ä¢‚Ä¢‚Ä¢‚Ä¢‚Ä¢‚Ä¢‚Ä¢‚Ä¢‚Ä¢‚Ä¢‚Ä¢‚Ä¢‚Ä¢‚Ä¢‚Ä¢‚Ä¢‚Ä¢‚Ä¢‚Ä¢¬≠¬≠¬≠‚Ä¢‚Ä¢‚Ä¢‚Ä¢‚Ä¢‚Ä¢‚Ä¢‚Ä¢‚Ä¢‚Ä¢‚Ä¢\nPLEASE SUBSCRIBE!\nwww.youtube.com/lizakoshy\nwww.youtube.com/lizakoshytoo\n‚Ä¢‚Ä¢‚Ä¢‚Ä¢‚Ä¢‚Ä¢‚Ä¢‚Ä¢‚Ä¢‚Ä¢‚Ä¢‚Ä¢‚Ä¢‚Ä¢‚Ä¢‚Ä¢‚Ä¢‚Ä¢‚Ä¢‚Ä¢‚Ä¢‚Ä¢‚Ä¢‚Ä¢‚Ä¢‚Ä¢‚Ä¢‚Ä¢‚Ä¢‚Ä¢‚Ä¢‚Ä¢‚Ä¢‚Ä¢‚Ä¢‚Ä¢‚Ä¢‚Ä¢‚Ä¢‚Ä¢¬≠¬≠¬≠‚Ä¢‚Ä¢‚Ä¢‚Ä¢‚Ä¢‚Ä¢‚Ä¢‚Ä¢‚Ä¢‚Ä¢‚Ä¢\nThank you, lil talking thots lol\n\nLove,\nLiza"
3qYt_fXdaXY,17.14.11,Sweetie destroys Flav (Sweetie vs. Flavor Flav),Foolmarkt,24,2016-08-06T12:25:20.000Z,"flavor of love|""fighting""|""sweetie""|""flavor flav""|""vh1""|""fight""|""reality tv""|""tiffany pollard""|""best fight""",28960,399,14,114,https://i.ytimg.com/vi/3qYt_fXdaXY/default.jpg,FALSE,FALSE,FALSE,episode 4
Y5MqpKlKiSM,17.14.11,Decluttering My Life ‚ú®,Gabriella Lindley,24,2017-11-10T15:42:33.000Z,"weekly vlog|""daily vlog""|""gabbie lindley""|""gabby lindley""|""gabriella lindley""|""gabriella""|""vlogtober""|""vlogmas""|""november vlogs""",106122,5364,153,284,https://i.ytimg.com/vi/Y5MqpKlKiSM/default.jpg,FALSE,FALSE,FALSE,WATCH NEXT - \nFeeling Left Out üòû : https://www.youtube.com/watch?v=57gS07a7eKs&t=384s \n\nüëΩ I HAVE MERCH! : http://bit.ly/GabbiesMerch\n\nYou can also find me here.. \nMAIN CHANNEL : http://youtube.com/velvetgh0st\nTWITTER : http://twitter.com/velvetgh0st\nINSTAGRAM : http://instagram.com/velvetgh0st\nDEPOP : velvetgh0st\n\nFollow my BOOB JOB journey here! \nDAY 1 : http://bit.ly/1NYiZEU\nDAY 2 : http://bit.ly/1muD4IE\nDAY 3 : http://bit.ly/1J9uOI9\n\nTHE CAMERA I USE\nCanon 70D : http://bit.ly/1gS8tm2\nSigma f1.8 35mm Lens : http://amzn.to/1KW5P8n\nMy Vlog Camera - Canon G7X Mark ii : http://bit.ly/2bRC3HI
xg9ebVTL9yE,17.14.11,Empire Of The Sun - Way To Go,empireofthesunvevo,10,2017-11-10T05:00:06.000Z,"Empire|""Of""|""The""|""Sun""|""Way""|""To""|""Go""|""EMI""|""Alternative""|""eots""|""waay""|""too""|""goo""|""emipre of the sun""|""son""|""electronic""|""edm""|""australian""|""adm""|""aussie music. triplej""|""like a version""|""two leaves""|""flume""|""alison wonderland""|""cut copy""|""pnau""|""mgmt""|""hot chip""|""the presets""|""phoenix""|""hermitude""|""Nobumichi Asai""|""Ryo Kitabatake""",138988,7999,84,612,https://i.ytimg.com/vi/xg9ebVTL9yE/default.jpg,FALSE,FALSE,FALSE,"Download or stream ‚ÄúWay to Go‚Äù by Empire of the Sun: https://EmpireOfTheSun.lnk.to/OnOurWayHome \n\nConnect with Empire of the Sun: \nhttps://www.facebook.com/empireofthesun/\nhttps://twitter.com/EmpireOfTheSun\nhttps://www.instagram.com/empireofthesunsound/\n\nCreative Director: Nobumichi Asai [WOW inc.]\nDirector: Ryo Kitabatake [WOW inc.]\nCG Designer: Tsutomu Miyajima [WOW inc.]\nCG Designer: Daisuke Morikawaki [WOW inc.]\nCG Designer: Shota Oga [WOW inc.]\nTechnical Director: Nobumichi Asai [WOW inc.]\nProducer: Nobumichi Asai [WOW inc.]\nAssistant Producer: Ayaka Motoyoshi [WOW inc.]\n\nCamera: Kimihiro Morikawa\nLighting Director: Ryu Shima [NAGAIHOSHI Co.,Ltd.]\nHair&Make-up: Ina\nStylist: DAN\n\nCompositor & Colourist: Akio Sakamaki [jitto inc.]\n\nDigital Humans & Performance Capture: [ZUKUN LABORATORY]\n\nProducer: Kazuhiko Mino\nMotion Capture Supervisor: Kenya Miki\nFacial Capture Supervisor: Hiromu Kinoshita\nDigital Artist: Tomoya Tanaka\nDigital Artist: Deng Xiaohui\nDigital Artist: Cheng Ze\nDigital Artist: Satoko Itakura\nMotion Capture Specialist: Yuuka Tomita\nMotion Capture Specialist: Kouta Isomura\nMotion Capture Specialist: Kazuya Takahashi\nMotion Capture Specialist: Riku Okada\nMotion Capture Specialist: Rina Sawada\nFacial Capture Specialist: Taisei Kurita\nFacial Capture Specialist: Manami Kira\nFacial Capture Specialist: Diogo Ribeiro\nCG Project Manager: Yuko Sadaki\nCG Producer: Sawami Takahashi\nProduction Supervisor: Ayumu Kasai\n\n„ÄêSpecial Thanks„Äë\nTranslator: Mika Iwasaka \nTranslator: Michiru Sasaki  [WOW inc.]\nTranslator: Sumiko Shiraishi [F.O.A. Inc.]\n\nLyrics: \n\nsurfing the snow\nare you ready for \na revolution to show the way \nseven more weeks until the day\n\nbecause heart breaks come in an bend us the wrong way \nplaces memory are changing into all things\n\ndoesn‚Äôt matter whats tripping you out theres ways to go\nthis is where we get carried away enough to start again\n\nwhat I see\nis nothing like before\ndreaming is the home of the brave \nfuture is the healing of pain\n\nbecause heart breaks come in an bend us the wrong way \nplaces memory are changing into all things\n\ndoesn‚Äôt matter whats tripping you out theres ways to go\nthis is where we get carried away enough to start again\ndoesn‚Äôt matter whats tripping you out theres ways to go\nthis is where we get carried away enough to start again \n\nlike a cannonball\nshot across the floor\nwe have found a way through the darkest hour\nlike a cannonball\nshot across the floor\nwe have little time for worry\n\ndoesn‚Äôt matter whats tripping you out theres ways to go\nthis is where we get carried away enough to start again\ndoesn‚Äôt matter whats tripping you out theres ways to go\nthis is where we get carried away enough to start again \ndoesn‚Äôt matter whats tripping you out theres ways to go\nthis is where we get carried away enough to start again \n\n¬© 2016 The Sleepy Jackson Pty Ltd and Nick Littlemore, under exclusive licence to Universal Music Australia Pty Ltd"
J_QGZspO4gg,17.14.11,Sia - Snowman,SiaVEVO,10,2017-11-09T15:45:05.000Z,Sia Snowman Holiday,1624771,84426,1130,5981,https://i.ytimg.com/vi/J_QGZspO4gg/default.jpg,FALSE,FALSE,FALSE,"Move over Frosty Snowman is here! Stream & download the song now https://fanlink.to/snowman\nPre-order Everyday Is Christmas, out November 17:https://sia.lnk.to/christmas\n\nUpcoming tour dates - http://siamusic.net/tour\n\nFollow Team Sia's Ear Candy on Spotify http://spoti.fi/1LMlB7X \nSubscribe to Sia on YouTube: http://bit.ly/1sudphS \nWebsite: http://siamusic.net \nTwitter: http://twitter.com/sia \nInstagram: http://instagram.com/SiaThisIsActing \nFacebook: http://facebook.com/siamusic \nSpotify: http://spoti.fi/1fKpbS0 \n\nPlaylist Best of Sia https://goo.gl/99ubCj \nSubscribe for more https://goo.gl/UA7cug\n\nMusic video by Sia performing Snowman. 2017 Monkey Puzzle Music, Inc., under exclusive license to Atlantic Recording Corporation for the United States and WEA International for the world outside of the United States.\nBest of Sia: https://goo.gl/5UhyPz\nSubscribe here: https://goo.gl/68vUAG"
cUtYh_ZUjqc,17.14.11,You Know You‚Äôre British When‚Ä¶ | The December Issue | British Vogue,British Vogue,24,2017-11-10T00:00:02.000Z,"Vogue|""Vogue Video""|""British Vogue""|""Vogue Magazine""|""Fashion""|""Style""|""British Style""|""British Fashion""|""British""|""Behind The Scenes""|""edward enninful""|""sadiq khan""|""millie bobby brown""|""naomi campbell""|""adwoa aboah""|""christopher bailey""|""victoria beckham""|""gwendoline christie""|""journdan dunn""|""edward enninful vogue""|""sadiq khan vogue""|""naomi campbell vogue""|""millie bobby brown vogue""|""adwoa aboah vogue""|""victoria beckham vogue""|""gwendoline christie vogue""|""jourdan dunn vogue""|""vogue december issue""",71231,1881,182,316,https://i.ytimg.com/vi/cUtYh_ZUjqc/default.jpg,FALSE,FALSE,FALSE,"In tribute to the December edition of Vogue ‚Äì Edward Enninful‚Äôs first as editor-in-chief of the title, and a celebration of all things British ‚Äì Vogue asks the stars of #NewVogue to share their views and complete the sentence ‚ÄúYou know you're British when‚Ä¶‚Äù\nSubscribe to British Vogue's YouTube Channel ‚ñ∫‚ñ∫ http://vogue.uk/YouTubeSubscribe\n \nSubscribe to British Vogue ‚ñ∫‚ñ∫ http://vogue.uk/MagazineSubscribe\n\nCONNECT WITH BRITISH VOGUE\nWeb: http://po.st/BritishVogueVideo\nTwitter: http://po.st/TwitterBritishVogue\nFacebook: http://po.st/FacebookBritishVogue\nGoogle+: http://po.st/GoogleBritishVogue\nInstagram: http://po.st/InstagramBritishVogue\nPinterest: http://po.st/PinterestBritishVogue\nNewsletter: http://po.st/NewsletterBritishVogue\n\nABOUT BRITISH VOGUE\nBritish Vogue is the world‚Äôs leading premium lifestyle and fashion entertainment channel. Weekly releases and brand new original programming including short films, series and in-depth documentaries, British Vogue‚Äôs channel is the ultimate destination for unprecedented access into the world of fashion, beauty and culture.\n\nYou Know You‚Äôre British When‚Ä¶ | The December Issue | British Vogue\nhttps://www.youtube.com/user/vogue"
